classes,associations,temps(database) en ms,temps(boucles imbriquées) en ms,difference
5,5,1672,3249,51.4619883040936
10,10,3399,6950,48.9064748201439
10,20,5578,11326,49.2495143916652
20,20,6600,13310,49.5867768595041
20,30,8093,16646,48.6182866754776
20,40,9879,20717,47.6854756962881
20,60,13973,32736,42.6838954056696
,moyenne,5870,12033,48.7825147511011
